,Season,Links2122,Links1819,Links1718
0,www.premierleague.com/match/75281,www.premierleague.com/match/66712,www.premierleague.com/match/38678,www.premierleague.com/match/22712
1,www.premierleague.com/match/75282,www.premierleague.com/match/66713,www.premierleague.com/match/38679,www.premierleague.com/match/22713
2,www.premierleague.com/match/75283,www.premierleague.com/match/66714,www.premierleague.com/match/38680,www.premierleague.com/match/22714
3,www.premierleague.com/match/75284,www.premierleague.com/match/66715,www.premierleague.com/match/38681,www.premierleague.com/match/22715
4,www.premierleague.com/match/75285,www.premierleague.com/match/66716,www.premierleague.com/match/38682,www.premierleague.com/match/22716
5,www.premierleague.com/match/75286,www.premierleague.com/match/66717,www.premierleague.com/match/38683,www.premierleague.com/match/22717
6,www.premierleague.com/match/75287,www.premierleague.com/match/66718,www.premierleague.com/match/38684,www.premierleague.com/match/22718
7,www.premierleague.com/match/75288,www.premierleague.com/match/66719,www.premierleague.com/match/38685,www.premierleague.com/match/22719
8,www.premierleague.com/match/75289,www.premierleague.com/match/66720,www.premierleague.com/match/38686,www.premierleague.com/match/22720
9,www.premierleague.com/match/75290,www.premierleague.com/match/66721,www.premierleague.com/match/38687,www.premierleague.com/match/22721
10,www.premierleague.com/match/75229,www.premierleague.com/match/66663,www.premierleague.com/match/38674,www.premierleague.com/match/22651
11,www.premierleague.com/match/75224,www.premierleague.com/match/66512,www.premierleague.com/match/38671,www.premierleague.com/match/22685
12,www.premierleague.com/match/75276,www.premierleague.com/match/66605,www.premierleague.com/match/38673,www.premierleague.com/match/22645
13,www.premierleague.com/match/75279,www.premierleague.com/match/66707,www.premierleague.com/match/38668,www.premierleague.com/match/22647
14,www.premierleague.com/match/75272,www.premierleague.com/match/66706,www.premierleague.com/match/38669,www.premierleague.com/match/22650
15,www.premierleague.com/match/75275,www.premierleague.com/match/66702,www.premierleague.com/match/38676,www.premierleague.com/match/22649
16,www.premierleague.com/match/75271,www.premierleague.com/match/66704,www.premierleague.com/match/38677,www.premierleague.com/match/22708
17,www.premierleague.com/match/75273,www.premierleague.com/match/66709,www.premierleague.com/match/38670,www.premierleague.com/match/22702
18,www.premierleague.com/match/75274,www.premierleague.com/match/66710,www.premierleague.com/match/38675,www.premierleague.com/match/22705
19,www.premierleague.com/match/75277,www.premierleague.com/match/66703,www.premierleague.com/match/38672,www.premierleague.com/match/22706
20,www.premierleague.com/match/75278,www.premierleague.com/match/66708,www.premierleague.com/match/38662,www.premierleague.com/match/22709
21,www.premierleague.com/match/75280,www.premierleague.com/match/66711,www.premierleague.com/match/38659,www.premierleague.com/match/22703
22,www.premierleague.com/match/75158,www.premierleague.com/match/66559,www.premierleague.com/match/38664,www.premierleague.com/match/22707
23,www.premierleague.com/match/75268,www.premierleague.com/match/66664,www.premierleague.com/match/38666,www.premierleague.com/match/22710
24,www.premierleague.com/match/75263,www.premierleague.com/match/66548,www.premierleague.com/match/38660,www.premierleague.com/match/22711
25,www.premierleague.com/match/75266,www.premierleague.com/match/66640,www.premierleague.com/match/38661,www.premierleague.com/match/22704
26,www.premierleague.com/match/75261,www.premierleague.com/match/66671,www.premierleague.com/match/38665,www.premierleague.com/match/22700
27,www.premierleague.com/match/75267,www.premierleague.com/match/66662,www.premierleague.com/match/38667,www.premierleague.com/match/22701
28,www.premierleague.com/match/75262,www.premierleague.com/match/66692,www.premierleague.com/match/38658,www.premierleague.com/match/22696
29,www.premierleague.com/match/75264,www.premierleague.com/match/66698,www.premierleague.com/match/38663,www.premierleague.com/match/22695
30,www.premierleague.com/match/75265,www.premierleague.com/match/66701,www.premierleague.com/match/38617,www.premierleague.com/match/22692
31,www.premierleague.com/match/75269,www.premierleague.com/match/66700,www.premierleague.com/match/38613,www.premierleague.com/match/22693
32,www.premierleague.com/match/75270,www.premierleague.com/match/66693,www.premierleague.com/match/38635,www.premierleague.com/match/22694
33,www.premierleague.com/match/75253,www.premierleague.com/match/66695,www.premierleague.com/match/38615,www.premierleague.com/match/22697
34,www.premierleague.com/match/75252,www.premierleague.com/match/66696,www.premierleague.com/match/38651,www.premierleague.com/match/22698
35,www.premierleague.com/match/75257,www.premierleague.com/match/66697,www.premierleague.com/match/38652,www.premierleague.com/match/22699
36,www.premierleague.com/match/75256,www.premierleague.com/match/66694,www.premierleague.com/match/38648,www.premierleague.com/match/22686
37,www.premierleague.com/match/75259,www.premierleague.com/match/66699,www.premierleague.com/match/38650,www.premierleague.com/match/22682
38,www.premierleague.com/match/75251,www.premierleague.com/match/66685,www.premierleague.com/match/38649,www.premierleague.com/match/22689
39,www.premierleague.com/match/75254,www.premierleague.com/match/66690,www.premierleague.com/match/38655,www.premierleague.com/match/22688
40,www.premierleague.com/match/75255,www.premierleague.com/match/66683,www.premierleague.com/match/38654,www.premierleague.com/match/22691
41,www.premierleague.com/match/75258,www.premierleague.com/match/66688,www.premierleague.com/match/38653,www.premierleague.com/match/22690
42,www.premierleague.com/match/75260,www.premierleague.com/match/66686,www.premierleague.com/match/38656,www.premierleague.com/match/22643
43,www.premierleague.com/match/75184,www.premierleague.com/match/66682,www.premierleague.com/match/38657,www.premierleague.com/match/22687
44,www.premierleague.com/match/75186,www.premierleague.com/match/66687,www.premierleague.com/match/38609,www.premierleague.com/match/22683
45,www.premierleague.com/match/75187,www.premierleague.com/match/66689,www.premierleague.com/match/38647,www.premierleague.com/match/22684
46,www.premierleague.com/match/75241,www.premierleague.com/match/66691,www.premierleague.com/match/38640,www.premierleague.com/match/22681
47,www.premierleague.com/match/75247,www.premierleague.com/match/66684,www.premierleague.com/match/38643,www.premierleague.com/match/22677
48,www.premierleague.com/match/75242,www.premierleague.com/match/66705,www.premierleague.com/match/38646,www.premierleague.com/match/22676
49,www.premierleague.com/match/75246,www.premierleague.com/match/66677,www.premierleague.com/match/38638,www.premierleague.com/match/22678
50,www.premierleague.com/match/75249,www.premierleague.com/match/66674,www.premierleague.com/match/38639,www.premierleague.com/match/22672
51,www.premierleague.com/match/75250,www.premierleague.com/match/66675,www.premierleague.com/match/38641,www.premierleague.com/match/22673
52,www.premierleague.com/match/75248,www.premierleague.com/match/66676,www.premierleague.com/match/38645,www.premierleague.com/match/22674
53,www.premierleague.com/match/75245,www.premierleague.com/match/66679,www.premierleague.com/match/38644,www.premierleague.com/match/22679
54,www.premierleague.com/match/75243,www.premierleague.com/match/66672,www.premierleague.com/match/38642,www.premierleague.com/match/22675
55,www.premierleague.com/match/75244,www.premierleague.com/match/66678,www.premierleague.com/match/38629,www.premierleague.com/match/22680
56,www.premierleague.com/match/75232,www.premierleague.com/match/66680,www.premierleague.com/match/38630,www.premierleague.com/match/22662
57,www.premierleague.com/match/75240,www.premierleague.com/match/66681,www.premierleague.com/match/38628,www.premierleague.com/match/22665
58,www.premierleague.com/match/75235,www.premierleague.com/match/66673,www.premierleague.com/match/38631,www.premierleague.com/match/22663
59,www.premierleague.com/match/75239,www.premierleague.com/match/66633,www.premierleague.com/match/38633,www.premierleague.com/match/22668
60,www.premierleague.com/match/75234,www.premierleague.com/match/66584,www.premierleague.com/match/38634,www.premierleague.com/match/22666
61,www.premierleague.com/match/75238,www.premierleague.com/match/66513,www.premierleague.com/match/38572,www.premierleague.com/match/22664
62,www.premierleague.com/match/75236,www.premierleague.com/match/66637,www.premierleague.com/match/38632,www.premierleague.com/match/22667
63,www.premierleague.com/match/75237,www.premierleague.com/match/66636,www.premierleague.com/match/38614,www.premierleague.com/match/22669
64,www.premierleague.com/match/75231,www.premierleague.com/match/66635,www.premierleague.com/match/38636,www.premierleague.com/match/22670
65,www.premierleague.com/match/75233,www.premierleague.com/match/66666,www.premierleague.com/match/38637,www.premierleague.com/match/22671
66,www.premierleague.com/match/75222,www.premierleague.com/match/66670,www.premierleague.com/match/38618,www.premierleague.com/match/22652
67,www.premierleague.com/match/75230,www.premierleague.com/match/66668,www.premierleague.com/match/38621,www.premierleague.com/match/22654
68,www.premierleague.com/match/75226,www.premierleague.com/match/66665,www.premierleague.com/match/38625,www.premierleague.com/match/22655
69,www.premierleague.com/match/75223,www.premierleague.com/match/66667,www.premierleague.com/match/38623,www.premierleague.com/match/22653
70,www.premierleague.com/match/75225,www.premierleague.com/match/66669,www.premierleague.com/match/38619,www.premierleague.com/match/22657
71,www.premierleague.com/match/75227,www.premierleague.com/match/66654,www.premierleague.com/match/38620,www.premierleague.com/match/22658
72,www.premierleague.com/match/75228,www.premierleague.com/match/66656,www.premierleague.com/match/38622,www.premierleague.com/match/22660
73,www.premierleague.com/match/75221,www.premierleague.com/match/66659,www.premierleague.com/match/38624,www.premierleague.com/match/22661
74,www.premierleague.com/match/75214,www.premierleague.com/match/66657,www.premierleague.com/match/38626,www.premierleague.com/match/22361
75,www.premierleague.com/match/75219,www.premierleague.com/match/66655,www.premierleague.com/match/38627,www.premierleague.com/match/22656
76,www.premierleague.com/match/75216,www.premierleague.com/match/66652,www.premierleague.com/match/38612,www.premierleague.com/match/22642
77,www.premierleague.com/match/75212,www.premierleague.com/match/66660,www.premierleague.com/match/38611,www.premierleague.com/match/22644
78,www.premierleague.com/match/75218,www.premierleague.com/match/66661,www.premierleague.com/match/38608,www.premierleague.com/match/22648
79,www.premierleague.com/match/75215,www.premierleague.com/match/66653,www.premierleague.com/match/38610,www.premierleague.com/match/22646
80,www.premierleague.com/match/75211,www.premierleague.com/match/66658,www.premierleague.com/match/38616,www.premierleague.com/match/22639
81,www.premierleague.com/match/75213,www.premierleague.com/match/66524,www.premierleague.com/match/38604,www.premierleague.com/match/22632
82,www.premierleague.com/match/75217,www.premierleague.com/match/66645,www.premierleague.com/match/38600,www.premierleague.com/match/22633
83,www.premierleague.com/match/75220,www.premierleague.com/match/66650,www.premierleague.com/match/38598,www.premierleague.com/match/22637
84,www.premierleague.com/match/75204,www.premierleague.com/match/66649,www.premierleague.com/match/38601,www.premierleague.com/match/22635
85,www.premierleague.com/match/75206,www.premierleague.com/match/66647,www.premierleague.com/match/38599,www.premierleague.com/match/22636
86,www.premierleague.com/match/75207,www.premierleague.com/match/66642,www.premierleague.com/match/38602,www.premierleague.com/match/22638
87,www.premierleague.com/match/75201,www.premierleague.com/match/66643,www.premierleague.com/match/38603,www.premierleague.com/match/22640
88,www.premierleague.com/match/75202,www.premierleague.com/match/66644,www.premierleague.com/match/38606,www.premierleague.com/match/22641
89,www.premierleague.com/match/75203,www.premierleague.com/match/66646,www.premierleague.com/match/38607,www.premierleague.com/match/22634
90,www.premierleague.com/match/75205,www.premierleague.com/match/66651,www.premierleague.com/match/38605,www.premierleague.com/match/22624
91,www.premierleague.com/match/75209,www.premierleague.com/match/66648,www.premierleague.com/match/38595,www.premierleague.com/match/22622
92,www.premierleague.com/match/75210,www.premierleague.com/match/66634,www.premierleague.com/match/38592,www.premierleague.com/match/22627
93,www.premierleague.com/match/75208,www.premierleague.com/match/66639,www.premierleague.com/match/38591,www.premierleague.com/match/22623
94,www.premierleague.com/match/75157,www.premierleague.com/match/66632,www.premierleague.com/match/38588,www.premierleague.com/match/22625
95,www.premierleague.com/match/74980,www.premierleague.com/match/66641,www.premierleague.com/match/38589,www.premierleague.com/match/22628
96,www.premierleague.com/match/74972,www.premierleague.com/match/66536,www.premierleague.com/match/38590,www.premierleague.com/match/22629
97,www.premierleague.com/match/74975,www.premierleague.com/match/66494,www.premierleague.com/match/38593,www.premierleague.com/match/22630
98,www.premierleague.com/match/74976,www.premierleague.com/match/66602,www.premierleague.com/match/38597,www.premierleague.com/match/22631
99,www.premierleague.com/match/74984,www.premierleague.com/match/66626,www.premierleague.com/match/38596,www.premierleague.com/match/22626
100,www.premierleague.com/match/75196,www.premierleague.com/match/66625,www.premierleague.com/match/38594,www.premierleague.com/match/22612
101,www.premierleague.com/match/75200,www.premierleague.com/match/66627,www.premierleague.com/match/38578,www.premierleague.com/match/22616
102,www.premierleague.com/match/75198,www.premierleague.com/match/66628,www.premierleague.com/match/38587,www.premierleague.com/match/22619
103,www.premierleague.com/match/75197,www.premierleague.com/match/66630,www.premierleague.com/match/38583,www.premierleague.com/match/22617
104,www.premierleague.com/match/75191,www.premierleague.com/match/66631,www.premierleague.com/match/38580,www.premierleague.com/match/22613
105,www.premierleague.com/match/75192,www.premierleague.com/match/66622,www.premierleague.com/match/38584,www.premierleague.com/match/22614
106,www.premierleague.com/match/75193,www.premierleague.com/match/66624,www.premierleague.com/match/38585,www.premierleague.com/match/22615
107,www.premierleague.com/match/75195,www.premierleague.com/match/66623,www.premierleague.com/match/38579,www.premierleague.com/match/22618
108,www.premierleague.com/match/75199,www.premierleague.com/match/66629,www.premierleague.com/match/38581,www.premierleague.com/match/22621
109,www.premierleague.com/match/75194,www.premierleague.com/match/66638,www.premierleague.com/match/38582,www.premierleague.com/match/22620
110,www.premierleague.com/match/75181,www.premierleague.com/match/66550,www.premierleague.com/match/38586,www.premierleague.com/match/22602
111,www.premierleague.com/match/75182,www.premierleague.com/match/66531,www.premierleague.com/match/38568,www.premierleague.com/match/22604
112,www.premierleague.com/match/75183,www.premierleague.com/match/66537,www.premierleague.com/match/38575,www.premierleague.com/match/22606
113,www.premierleague.com/match/75189,www.premierleague.com/match/66619,www.premierleague.com/match/38570,www.premierleague.com/match/22607
114,www.premierleague.com/match/75190,www.premierleague.com/match/66620,www.premierleague.com/match/38569,www.premierleague.com/match/22610
115,www.premierleague.com/match/75185,www.premierleague.com/match/66616,www.premierleague.com/match/38576,www.premierleague.com/match/22603
116,www.premierleague.com/match/75188,www.premierleague.com/match/66612,www.premierleague.com/match/38574,www.premierleague.com/match/22608
117,www.premierleague.com/match/74983,www.premierleague.com/match/66613,www.premierleague.com/match/38571,www.premierleague.com/match/22609
118,www.premierleague.com/match/74979,www.premierleague.com/match/66617,www.premierleague.com/match/38577,www.premierleague.com/match/22611
119,www.premierleague.com/match/75178,www.premierleague.com/match/66615,www.premierleague.com/match/38567,www.premierleague.com/match/22605
120,www.premierleague.com/match/75174,www.premierleague.com/match/66614,www.premierleague.com/match/38565,www.premierleague.com/match/22600
121,www.premierleague.com/match/75177,www.premierleague.com/match/66618,www.premierleague.com/match/38563,www.premierleague.com/match/22596
122,www.premierleague.com/match/75180,www.premierleague.com/match/66621,www.premierleague.com/match/38560,www.premierleague.com/match/22598
123,www.premierleague.com/match/75171,www.premierleague.com/match/66554,www.premierleague.com/match/38559,www.premierleague.com/match/22595
124,www.premierleague.com/match/75173,www.premierleague.com/match/66611,www.premierleague.com/match/38561,www.premierleague.com/match/22593
125,www.premierleague.com/match/75175,www.premierleague.com/match/66608,www.premierleague.com/match/38562,www.premierleague.com/match/22594
126,www.premierleague.com/match/75176,www.premierleague.com/match/66603,www.premierleague.com/match/38564,www.premierleague.com/match/22597
127,www.premierleague.com/match/75179,www.premierleague.com/match/66606,www.premierleague.com/match/38566,www.premierleague.com/match/22599
128,www.premierleague.com/match/75172,www.premierleague.com/match/66609,www.premierleague.com/match/38558,www.premierleague.com/match/22601
129,www.premierleague.com/match/75163,www.premierleague.com/match/66604,www.premierleague.com/match/38573,www.premierleague.com/match/22592
130,www.premierleague.com/match/75168,www.premierleague.com/match/66607,www.premierleague.com/match/38557,www.premierleague.com/match/22585
131,www.premierleague.com/match/75166,www.premierleague.com/match/66610,www.premierleague.com/match/38554,www.premierleague.com/match/22586
132,www.premierleague.com/match/75167,www.premierleague.com/match/66532,www.premierleague.com/match/38555,www.premierleague.com/match/22588
133,www.premierleague.com/match/75161,www.premierleague.com/match/66465,www.premierleague.com/match/38556,www.premierleague.com/match/22589
134,www.premierleague.com/match/75162,www.premierleague.com/match/66519,www.premierleague.com/match/38548,www.premierleague.com/match/22587
135,www.premierleague.com/match/75164,www.premierleague.com/match/66525,www.premierleague.com/match/38549,www.premierleague.com/match/22590
136,www.premierleague.com/match/75165,www.premierleague.com/match/66596,www.premierleague.com/match/38551,www.premierleague.com/match/22591
137,www.premierleague.com/match/75170,www.premierleague.com/match/66601,www.premierleague.com/match/38552,www.premierleague.com/match/22583
138,www.premierleague.com/match/75169,www.premierleague.com/match/66592,www.premierleague.com/match/38553,www.premierleague.com/match/22584
139,www.premierleague.com/match/74977,www.premierleague.com/match/66598,www.premierleague.com/match/38550,www.premierleague.com/match/22582
140,www.premierleague.com/match/74971,www.premierleague.com/match/66600,www.premierleague.com/match/38539,www.premierleague.com/match/22580
141,www.premierleague.com/match/75159,www.premierleague.com/match/66593,www.premierleague.com/match/38546,www.premierleague.com/match/22578
142,www.premierleague.com/match/75153,www.premierleague.com/match/66594,www.premierleague.com/match/38544,www.premierleague.com/match/22573
143,www.premierleague.com/match/75155,www.premierleague.com/match/66595,www.premierleague.com/match/38547,www.premierleague.com/match/22572
144,www.premierleague.com/match/75156,www.premierleague.com/match/66597,www.premierleague.com/match/38538,www.premierleague.com/match/22574
145,www.premierleague.com/match/75160,www.premierleague.com/match/66599,www.premierleague.com/match/38540,www.premierleague.com/match/22575
146,www.premierleague.com/match/75151,www.premierleague.com/match/66515,www.premierleague.com/match/38541,www.premierleague.com/match/22576
147,www.premierleague.com/match/75152,www.premierleague.com/match/66583,www.premierleague.com/match/38543,www.premierleague.com/match/22579
148,www.premierleague.com/match/75154,www.premierleague.com/match/66588,www.premierleague.com/match/38542,www.premierleague.com/match/22581
149,www.premierleague.com/match/75146,www.premierleague.com/match/66590,www.premierleague.com/match/38545,www.premierleague.com/match/22577
150,www.premierleague.com/match/75149,www.premierleague.com/match/66586,www.premierleague.com/match/38531,www.premierleague.com/match/22567
151,www.premierleague.com/match/75141,www.premierleague.com/match/66587,www.premierleague.com/match/38530,www.premierleague.com/match/22562
152,www.premierleague.com/match/75142,www.premierleague.com/match/66582,www.premierleague.com/match/38537,www.premierleague.com/match/22566
153,www.premierleague.com/match/75143,www.premierleague.com/match/66585,www.premierleague.com/match/38529,www.premierleague.com/match/22563
154,www.premierleague.com/match/75144,www.premierleague.com/match/66591,www.premierleague.com/match/38532,www.premierleague.com/match/22564
155,www.premierleague.com/match/75145,www.premierleague.com/match/66589,www.premierleague.com/match/38533,www.premierleague.com/match/22565
156,www.premierleague.com/match/75148,www.premierleague.com/match/66578,www.premierleague.com/match/38534,www.premierleague.com/match/22568
157,www.premierleague.com/match/75150,www.premierleague.com/match/66577,www.premierleague.com/match/38535,www.premierleague.com/match/22570
158,www.premierleague.com/match/75147,www.premierleague.com/match/66579,www.premierleague.com/match/38536,www.premierleague.com/match/22571
159,www.premierleague.com/match/75021,www.premierleague.com/match/66572,www.premierleague.com/match/38528,www.premierleague.com/match/22569
160,www.premierleague.com/match/75137,www.premierleague.com/match/66575,www.premierleague.com/match/38525,www.premierleague.com/match/22549
161,www.premierleague.com/match/75135,www.premierleague.com/match/66581,www.premierleague.com/match/38523,www.premierleague.com/match/22552
162,www.premierleague.com/match/75138,www.premierleague.com/match/66580,www.premierleague.com/match/38526,www.premierleague.com/match/22558
163,www.premierleague.com/match/75140,www.premierleague.com/match/66576,www.premierleague.com/match/38527,www.premierleague.com/match/22560
164,www.premierleague.com/match/75131,www.premierleague.com/match/66574,www.premierleague.com/match/38518,www.premierleague.com/match/22561
165,www.premierleague.com/match/75133,www.premierleague.com/match/66505,www.premierleague.com/match/38519,www.premierleague.com/match/22557
166,www.premierleague.com/match/75134,www.premierleague.com/match/66562,www.premierleague.com/match/38520,www.premierleague.com/match/22553
167,www.premierleague.com/match/75136,www.premierleague.com/match/66565,www.premierleague.com/match/38522,www.premierleague.com/match/22554
168,www.premierleague.com/match/75139,www.premierleague.com/match/66568,www.premierleague.com/match/38524,www.premierleague.com/match/22556
169,www.premierleague.com/match/75132,www.premierleague.com/match/66564,www.premierleague.com/match/38521,www.premierleague.com/match/22559
170,www.premierleague.com/match/74986,www.premierleague.com/match/66566,www.premierleague.com/match/38514,www.premierleague.com/match/22555
171,www.premierleague.com/match/75128,www.premierleague.com/match/66563,www.premierleague.com/match/38509,www.premierleague.com/match/22544
172,www.premierleague.com/match/75129,www.premierleague.com/match/66567,www.premierleague.com/match/38511,www.premierleague.com/match/22551
173,www.premierleague.com/match/75125,www.premierleague.com/match/66569,www.premierleague.com/match/38513,www.premierleague.com/match/22542
174,www.premierleague.com/match/75121,www.premierleague.com/match/66570,www.premierleague.com/match/38516,www.premierleague.com/match/22543
175,www.premierleague.com/match/75122,www.premierleague.com/match/66571,www.premierleague.com/match/38517,www.premierleague.com/match/22545
176,www.premierleague.com/match/75123,www.premierleague.com/match/66507,www.premierleague.com/match/38515,www.premierleague.com/match/22546
177,www.premierleague.com/match/75126,www.premierleague.com/match/66503,www.premierleague.com/match/38512,www.premierleague.com/match/22548
178,www.premierleague.com/match/75130,www.premierleague.com/match/66573,www.premierleague.com/match/38508,www.premierleague.com/match/22550
179,www.premierleague.com/match/75127,www.premierleague.com/match/66555,www.premierleague.com/match/38510,www.premierleague.com/match/22547
180,www.premierleague.com/match/75124,www.premierleague.com/match/66560,www.premierleague.com/match/38500,www.premierleague.com/match/22534
181,www.premierleague.com/match/75114,www.premierleague.com/match/66556,www.premierleague.com/match/38499,www.premierleague.com/match/22538
182,www.premierleague.com/match/75115,www.premierleague.com/match/66557,www.premierleague.com/match/38505,www.premierleague.com/match/22539
183,www.premierleague.com/match/75118,www.premierleague.com/match/66558,www.premierleague.com/match/38504,www.premierleague.com/match/22532
184,www.premierleague.com/match/75111,www.premierleague.com/match/66561,www.premierleague.com/match/38498,www.premierleague.com/match/22533
185,www.premierleague.com/match/75117,www.premierleague.com/match/66552,www.premierleague.com/match/38501,www.premierleague.com/match/22535
186,www.premierleague.com/match/75112,www.premierleague.com/match/66553,www.premierleague.com/match/38502,www.premierleague.com/match/22537
187,www.premierleague.com/match/75116,www.premierleague.com/match/66520,www.premierleague.com/match/38506,www.premierleague.com/match/22540
188,www.premierleague.com/match/75119,www.premierleague.com/match/66517,www.premierleague.com/match/38507,www.premierleague.com/match/22541
189,www.premierleague.com/match/75120,www.premierleague.com/match/66549,www.premierleague.com/match/38503,www.premierleague.com/match/22536
190,www.premierleague.com/match/75113,www.premierleague.com/match/66543,www.premierleague.com/match/38495,www.premierleague.com/match/22525
191,www.premierleague.com/match/74978,www.premierleague.com/match/66546,www.premierleague.com/match/38491,www.premierleague.com/match/22523
192,www.premierleague.com/match/74973,www.premierleague.com/match/66547,www.premierleague.com/match/38489,www.premierleague.com/match/22527
193,www.premierleague.com/match/75104,www.premierleague.com/match/66544,www.premierleague.com/match/38490,www.premierleague.com/match/22528
194,www.premierleague.com/match/75107,www.premierleague.com/match/66542,www.premierleague.com/match/38492,www.premierleague.com/match/22529
195,www.premierleague.com/match/75109,www.premierleague.com/match/66551,www.premierleague.com/match/38493,www.premierleague.com/match/22530
196,www.premierleague.com/match/75103,www.premierleague.com/match/66545,www.premierleague.com/match/38494,www.premierleague.com/match/22531
197,www.premierleague.com/match/75105,www.premierleague.com/match/66539,www.premierleague.com/match/38496,www.premierleague.com/match/22524
198,www.premierleague.com/match/75108,www.premierleague.com/match/66534,www.premierleague.com/match/38488,www.premierleague.com/match/22526
199,www.premierleague.com/match/75102,www.premierleague.com/match/66533,www.premierleague.com/match/38497,www.premierleague.com/match/22522
200,www.premierleague.com/match/75106,www.premierleague.com/match/66535,www.premierleague.com/match/38482,www.premierleague.com/match/22516
201,www.premierleague.com/match/75110,www.premierleague.com/match/66540,www.premierleague.com/match/38478,www.premierleague.com/match/22521
202,www.premierleague.com/match/75101,www.premierleague.com/match/66541,www.premierleague.com/match/38479,www.premierleague.com/match/22513
203,www.premierleague.com/match/74974,www.premierleague.com/match/66538,www.premierleague.com/match/38481,www.premierleague.com/match/22517
204,www.premierleague.com/match/75094,www.premierleague.com/match/66527,www.premierleague.com/match/38483,www.premierleague.com/match/22512
205,www.premierleague.com/match/75100,www.premierleague.com/match/66526,www.premierleague.com/match/38484,www.premierleague.com/match/22514
206,www.premierleague.com/match/75097,www.premierleague.com/match/66528,www.premierleague.com/match/38485,www.premierleague.com/match/22515
207,www.premierleague.com/match/75092,www.premierleague.com/match/66529,www.premierleague.com/match/38486,www.premierleague.com/match/22520
208,www.premierleague.com/match/75095,www.premierleague.com/match/66530,www.premierleague.com/match/38480,www.premierleague.com/match/22519
209,www.premierleague.com/match/75091,www.premierleague.com/match/66522,www.premierleague.com/match/38487,www.premierleague.com/match/22518
210,www.premierleague.com/match/75096,www.premierleague.com/match/66523,www.premierleague.com/match/38468,www.premierleague.com/match/22509
211,www.premierleague.com/match/75098,www.premierleague.com/match/66516,www.premierleague.com/match/38474,www.premierleague.com/match/22510
212,www.premierleague.com/match/75099,www.premierleague.com/match/66521,www.premierleague.com/match/38472,www.premierleague.com/match/22506
213,www.premierleague.com/match/75093,www.premierleague.com/match/66518,www.premierleague.com/match/38473,www.premierleague.com/match/22508
214,www.premierleague.com/match/75088,www.premierleague.com/match/66514,www.premierleague.com/match/38469,www.premierleague.com/match/22505
215,www.premierleague.com/match/75087,www.premierleague.com/match/66509,www.premierleague.com/match/38471,www.premierleague.com/match/22511
216,www.premierleague.com/match/75081,www.premierleague.com/match/66510,www.premierleague.com/match/38475,www.premierleague.com/match/22507
217,www.premierleague.com/match/75083,www.premierleague.com/match/66504,www.premierleague.com/match/38476,www.premierleague.com/match/22502
218,www.premierleague.com/match/75085,www.premierleague.com/match/66506,www.premierleague.com/match/38477,www.premierleague.com/match/22503
219,www.premierleague.com/match/75082,www.premierleague.com/match/66502,www.premierleague.com/match/38470,www.premierleague.com/match/22504
220,www.premierleague.com/match/75090,www.premierleague.com/match/66508,www.premierleague.com/match/38463,www.premierleague.com/match/22498
221,www.premierleague.com/match/75086,www.premierleague.com/match/66511,www.premierleague.com/match/38466,www.premierleague.com/match/22495
222,www.premierleague.com/match/75089,www.premierleague.com/match/66495,www.premierleague.com/match/38459,www.premierleague.com/match/22496
223,www.premierleague.com/match/75084,www.premierleague.com/match/66498,www.premierleague.com/match/38458,www.premierleague.com/match/22501
224,www.premierleague.com/match/75077,www.premierleague.com/match/66497,www.premierleague.com/match/38460,www.premierleague.com/match/22492
225,www.premierleague.com/match/75074,www.premierleague.com/match/66500,www.premierleague.com/match/38461,www.premierleague.com/match/22493
226,www.premierleague.com/match/75079,www.premierleague.com/match/66492,www.premierleague.com/match/38465,www.premierleague.com/match/22494
227,www.premierleague.com/match/75073,www.premierleague.com/match/66496,www.premierleague.com/match/38467,www.premierleague.com/match/22499
228,www.premierleague.com/match/75075,www.premierleague.com/match/66499,www.premierleague.com/match/38462,www.premierleague.com/match/22500
229,www.premierleague.com/match/75076,www.premierleague.com/match/66501,www.premierleague.com/match/38464,www.premierleague.com/match/22497
230,www.premierleague.com/match/75078,www.premierleague.com/match/66493,www.premierleague.com/match/38450,www.premierleague.com/match/22483
231,www.premierleague.com/match/75080,www.premierleague.com/match/66483,www.premierleague.com/match/38456,www.premierleague.com/match/22488
232,www.premierleague.com/match/75072,www.premierleague.com/match/66484,www.premierleague.com/match/38451,www.premierleague.com/match/22485
233,www.premierleague.com/match/75071,www.premierleague.com/match/66485,www.premierleague.com/match/38455,www.premierleague.com/match/22484
234,www.premierleague.com/match/75062,www.premierleague.com/match/66488,www.premierleague.com/match/38452,www.premierleague.com/match/22486
235,www.premierleague.com/match/75063,www.premierleague.com/match/66482,www.premierleague.com/match/38457,www.premierleague.com/match/22487
236,www.premierleague.com/match/75061,www.premierleague.com/match/66486,www.premierleague.com/match/38448,www.premierleague.com/match/22489
237,www.premierleague.com/match/75064,www.premierleague.com/match/66487,www.premierleague.com/match/38449,www.premierleague.com/match/22490
238,www.premierleague.com/match/75066,www.premierleague.com/match/66491,www.premierleague.com/match/38454,www.premierleague.com/match/22491
239,www.premierleague.com/match/75070,www.premierleague.com/match/66489,www.premierleague.com/match/38453,www.premierleague.com/match/22482
240,www.premierleague.com/match/75065,www.premierleague.com/match/66490,www.premierleague.com/match/38440,www.premierleague.com/match/22472
241,www.premierleague.com/match/75067,www.premierleague.com/match/66481,www.premierleague.com/match/38438,www.premierleague.com/match/22473
242,www.premierleague.com/match/75068,www.premierleague.com/match/66475,www.premierleague.com/match/38444,www.premierleague.com/match/22478
243,www.premierleague.com/match/75069,www.premierleague.com/match/66480,www.premierleague.com/match/38441,www.premierleague.com/match/22479
244,www.premierleague.com/match/75052,www.premierleague.com/match/66476,www.premierleague.com/match/38442,www.premierleague.com/match/22480
245,www.premierleague.com/match/75051,www.premierleague.com/match/66477,www.premierleague.com/match/38443,www.premierleague.com/match/22481
246,www.premierleague.com/match/75057,www.premierleague.com/match/66478,www.premierleague.com/match/38445,www.premierleague.com/match/22474
247,www.premierleague.com/match/75059,www.premierleague.com/match/66472,www.premierleague.com/match/38446,www.premierleague.com/match/22475
248,www.premierleague.com/match/75058,www.premierleague.com/match/66473,www.premierleague.com/match/38447,www.premierleague.com/match/22476
249,www.premierleague.com/match/75054,www.premierleague.com/match/66479,www.premierleague.com/match/38439,www.premierleague.com/match/22477
250,www.premierleague.com/match/75055,www.premierleague.com/match/66474,www.premierleague.com/match/38430,www.premierleague.com/match/22468
251,www.premierleague.com/match/75056,www.premierleague.com/match/66463,www.premierleague.com/match/38428,www.premierleague.com/match/22462
252,www.premierleague.com/match/75060,www.premierleague.com/match/66468,www.premierleague.com/match/38437,www.premierleague.com/match/22464
253,www.premierleague.com/match/75053,www.premierleague.com/match/66470,www.premierleague.com/match/38429,www.premierleague.com/match/22463
254,www.premierleague.com/match/75041,www.premierleague.com/match/66466,www.premierleague.com/match/38431,www.premierleague.com/match/22466
255,www.premierleague.com/match/75049,www.premierleague.com/match/66462,www.premierleague.com/match/38432,www.premierleague.com/match/22467
256,www.premierleague.com/match/75042,www.premierleague.com/match/66467,www.premierleague.com/match/38433,www.premierleague.com/match/22469
257,www.premierleague.com/match/75043,www.premierleague.com/match/66469,www.premierleague.com/match/38435,www.premierleague.com/match/22470
258,www.premierleague.com/match/75046,www.premierleague.com/match/66471,www.premierleague.com/match/38436,www.premierleague.com/match/22465
259,www.premierleague.com/match/75048,www.premierleague.com/match/66464,www.premierleague.com/match/38434,www.premierleague.com/match/22471
260,www.premierleague.com/match/75047,www.premierleague.com/match/66456,www.premierleague.com/match/38424,www.premierleague.com/match/22454
261,www.premierleague.com/match/75044,www.premierleague.com/match/66459,www.premierleague.com/match/38420,www.premierleague.com/match/22460
262,www.premierleague.com/match/75045,www.premierleague.com/match/66454,www.premierleague.com/match/38418,www.premierleague.com/match/22452
263,www.premierleague.com/match/75050,www.premierleague.com/match/66452,www.premierleague.com/match/38425,www.premierleague.com/match/22453
264,www.premierleague.com/match/75039,www.premierleague.com/match/66453,www.premierleague.com/match/38419,www.premierleague.com/match/22455
265,www.premierleague.com/match/75031,www.premierleague.com/match/66457,www.premierleague.com/match/38422,www.premierleague.com/match/22456
266,www.premierleague.com/match/75034,www.premierleague.com/match/66458,www.premierleague.com/match/38423,www.premierleague.com/match/22457
267,www.premierleague.com/match/75037,www.premierleague.com/match/66460,www.premierleague.com/match/38426,www.premierleague.com/match/22458
268,www.premierleague.com/match/75040,www.premierleague.com/match/66461,www.premierleague.com/match/38427,www.premierleague.com/match/22461
269,www.premierleague.com/match/75038,www.premierleague.com/match/66455,www.premierleague.com/match/38421,www.premierleague.com/match/22459
270,www.premierleague.com/match/75036,www.premierleague.com/match/66442,www.premierleague.com/match/38413,www.premierleague.com/match/22450
271,www.premierleague.com/match/75033,www.premierleague.com/match/66447,www.premierleague.com/match/38414,www.premierleague.com/match/22445
272,www.premierleague.com/match/75035,www.premierleague.com/match/66448,www.premierleague.com/match/38411,www.premierleague.com/match/22442
273,www.premierleague.com/match/75032,www.premierleague.com/match/66451,www.premierleague.com/match/38409,www.premierleague.com/match/22443
274,www.premierleague.com/match/75026,www.premierleague.com/match/66449,www.premierleague.com/match/38410,www.premierleague.com/match/22448
275,www.premierleague.com/match/75027,www.premierleague.com/match/66443,www.premierleague.com/match/38412,www.premierleague.com/match/22444
276,www.premierleague.com/match/75022,www.premierleague.com/match/66445,www.premierleague.com/match/38415,www.premierleague.com/match/22446
277,www.premierleague.com/match/75023,www.premierleague.com/match/66446,www.premierleague.com/match/38416,www.premierleague.com/match/22447
278,www.premierleague.com/match/75028,www.premierleague.com/match/66444,www.premierleague.com/match/38408,www.premierleague.com/match/22449
279,www.premierleague.com/match/75029,www.premierleague.com/match/66450,www.premierleague.com/match/38417,www.premierleague.com/match/22451
280,www.premierleague.com/match/75030,www.premierleague.com/match/66441,www.premierleague.com/match/38406,www.premierleague.com/match/22435
281,www.premierleague.com/match/75024,www.premierleague.com/match/66438,www.premierleague.com/match/38399,www.premierleague.com/match/22434
282,www.premierleague.com/match/75025,www.premierleague.com/match/66432,www.premierleague.com/match/38400,www.premierleague.com/match/22437
283,www.premierleague.com/match/75011,www.premierleague.com/match/66434,www.premierleague.com/match/38404,www.premierleague.com/match/22439
284,www.premierleague.com/match/75014,www.premierleague.com/match/66433,www.premierleague.com/match/38398,www.premierleague.com/match/22432
285,www.premierleague.com/match/75017,www.premierleague.com/match/66435,www.premierleague.com/match/38401,www.premierleague.com/match/22436
286,www.premierleague.com/match/75018,www.premierleague.com/match/66436,www.premierleague.com/match/38403,www.premierleague.com/match/22438
287,www.premierleague.com/match/75016,www.premierleague.com/match/66437,www.premierleague.com/match/38405,www.premierleague.com/match/22440
288,www.premierleague.com/match/75015,www.premierleague.com/match/66440,www.premierleague.com/match/38407,www.premierleague.com/match/22441
289,www.premierleague.com/match/75013,www.premierleague.com/match/66439,www.premierleague.com/match/38402,www.premierleague.com/match/22433
290,www.premierleague.com/match/75020,www.premierleague.com/match/66423,www.premierleague.com/match/38388,www.premierleague.com/match/22423
291,www.premierleague.com/match/75019,www.premierleague.com/match/66431,www.premierleague.com/match/38392,www.premierleague.com/match/22430
292,www.premierleague.com/match/75012,www.premierleague.com/match/66429,www.premierleague.com/match/38391,www.premierleague.com/match/22422
293,www.premierleague.com/match/75009,www.premierleague.com/match/66425,www.premierleague.com/match/38389,www.premierleague.com/match/22424
294,www.premierleague.com/match/75005,www.premierleague.com/match/66426,www.premierleague.com/match/38390,www.premierleague.com/match/22425
295,www.premierleague.com/match/75010,www.premierleague.com/match/66427,www.premierleague.com/match/38394,www.premierleague.com/match/22426
296,www.premierleague.com/match/75001,www.premierleague.com/match/66428,www.premierleague.com/match/38395,www.premierleague.com/match/22428
297,www.premierleague.com/match/75006,www.premierleague.com/match/66430,www.premierleague.com/match/38396,www.premierleague.com/match/22429
298,www.premierleague.com/match/75002,www.premierleague.com/match/66424,www.premierleague.com/match/38397,www.premierleague.com/match/22427
299,www.premierleague.com/match/75003,www.premierleague.com/match/66422,www.premierleague.com/match/38393,www.premierleague.com/match/22431
300,www.premierleague.com/match/75004,www.premierleague.com/match/66412,www.premierleague.com/match/38381,www.premierleague.com/match/22415
301,www.premierleague.com/match/75007,www.premierleague.com/match/66415,www.premierleague.com/match/38385,www.premierleague.com/match/22412
302,www.premierleague.com/match/75008,www.premierleague.com/match/66418,www.premierleague.com/match/38383,www.premierleague.com/match/22418
303,www.premierleague.com/match/74996,www.premierleague.com/match/66421,www.premierleague.com/match/38379,www.premierleague.com/match/22416
304,www.premierleague.com/match/74998,www.premierleague.com/match/66413,www.premierleague.com/match/38380,www.premierleague.com/match/22413
305,www.premierleague.com/match/74995,www.premierleague.com/match/66416,www.premierleague.com/match/38382,www.premierleague.com/match/22414
306,www.premierleague.com/match/74991,www.premierleague.com/match/66417,www.premierleague.com/match/38386,www.premierleague.com/match/22417
307,www.premierleague.com/match/74992,www.premierleague.com/match/66419,www.premierleague.com/match/38387,www.premierleague.com/match/22419
308,www.premierleague.com/match/74993,www.premierleague.com/match/66420,www.premierleague.com/match/38384,www.premierleague.com/match/22420
309,www.premierleague.com/match/74994,www.premierleague.com/match/66414,www.premierleague.com/match/38378,www.premierleague.com/match/22421
310,www.premierleague.com/match/74997,www.premierleague.com/match/66405,www.premierleague.com/match/38369,www.premierleague.com/match/22402
311,www.premierleague.com/match/74999,www.premierleague.com/match/66409,www.premierleague.com/match/38370,www.premierleague.com/match/22405
312,www.premierleague.com/match/75000,www.premierleague.com/match/66410,www.premierleague.com/match/38376,www.premierleague.com/match/22408
313,www.premierleague.com/match/74982,www.premierleague.com/match/66407,www.premierleague.com/match/38368,www.premierleague.com/match/22406
314,www.premierleague.com/match/74985,www.premierleague.com/match/66408,www.premierleague.com/match/38372,www.premierleague.com/match/22403
315,www.premierleague.com/match/74990,www.premierleague.com/match/66403,www.premierleague.com/match/38373,www.premierleague.com/match/22407
316,www.premierleague.com/match/74987,www.premierleague.com/match/66404,www.premierleague.com/match/38374,www.premierleague.com/match/22409
317,www.premierleague.com/match/74989,www.premierleague.com/match/66406,www.premierleague.com/match/38375,www.premierleague.com/match/22410
318,www.premierleague.com/match/74981,www.premierleague.com/match/66411,www.premierleague.com/match/38377,www.premierleague.com/match/22411
319,www.premierleague.com/match/74988,www.premierleague.com/match/66402,www.premierleague.com/match/38371,www.premierleague.com/match/22404
320,www.premierleague.com/match/74963,www.premierleague.com/match/66395,www.premierleague.com/match/38367,www.premierleague.com/match/22392
321,www.premierleague.com/match/74966,www.premierleague.com/match/66400,www.premierleague.com/match/38358,www.premierleague.com/match/22393
322,www.premierleague.com/match/74965,www.premierleague.com/match/66392,www.premierleague.com/match/38363,www.premierleague.com/match/22401
323,www.premierleague.com/match/74962,www.premierleague.com/match/66394,www.premierleague.com/match/38360,www.premierleague.com/match/22394
324,www.premierleague.com/match/74964,www.premierleague.com/match/66399,www.premierleague.com/match/38361,www.premierleague.com/match/22395
325,www.premierleague.com/match/74967,www.premierleague.com/match/66396,www.premierleague.com/match/38362,www.premierleague.com/match/22397
326,www.premierleague.com/match/74968,www.premierleague.com/match/66397,www.premierleague.com/match/38364,www.premierleague.com/match/22398
327,www.premierleague.com/match/74969,www.premierleague.com/match/66398,www.premierleague.com/match/38365,www.premierleague.com/match/22399
328,www.premierleague.com/match/74970,www.premierleague.com/match/66401,www.premierleague.com/match/38366,www.premierleague.com/match/22400
329,www.premierleague.com/match/74961,www.premierleague.com/match/66393,www.premierleague.com/match/38359,www.premierleague.com/match/22396
330,www.premierleague.com/match/74956,www.premierleague.com/match/66383,www.premierleague.com/match/38354,www.premierleague.com/match/22383
331,www.premierleague.com/match/74951,www.premierleague.com/match/66390,www.premierleague.com/match/38357,www.premierleague.com/match/22387
332,www.premierleague.com/match/74952,www.premierleague.com/match/66389,www.premierleague.com/match/38350,www.premierleague.com/match/22384
333,www.premierleague.com/match/74959,www.premierleague.com/match/66391,www.premierleague.com/match/38355,www.premierleague.com/match/22385
334,www.premierleague.com/match/74957,www.premierleague.com/match/66384,www.premierleague.com/match/38348,www.premierleague.com/match/22386
335,www.premierleague.com/match/74958,www.premierleague.com/match/66385,www.premierleague.com/match/38349,www.premierleague.com/match/22388
336,www.premierleague.com/match/74953,www.premierleague.com/match/66386,www.premierleague.com/match/38351,www.premierleague.com/match/22390
337,www.premierleague.com/match/74954,www.premierleague.com/match/66388,www.premierleague.com/match/38352,www.premierleague.com/match/22391
338,www.premierleague.com/match/74960,www.premierleague.com/match/66382,www.premierleague.com/match/38353,www.premierleague.com/match/22389
339,www.premierleague.com/match/74955,www.premierleague.com/match/66387,www.premierleague.com/match/38356,www.premierleague.com/match/22382
340,www.premierleague.com/match/74942,www.premierleague.com/match/66376,www.premierleague.com/match/38340,www.premierleague.com/match/22381
341,www.premierleague.com/match/74950,www.premierleague.com/match/66377,www.premierleague.com/match/38339,www.premierleague.com/match/22374
342,www.premierleague.com/match/74948,www.premierleague.com/match/66375,www.premierleague.com/match/38346,www.premierleague.com/match/22380
343,www.premierleague.com/match/74949,www.premierleague.com/match/66372,www.premierleague.com/match/38344,www.premierleague.com/match/22377
344,www.premierleague.com/match/74943,www.premierleague.com/match/66373,www.premierleague.com/match/38338,www.premierleague.com/match/22372
345,www.premierleague.com/match/74944,www.premierleague.com/match/66378,www.premierleague.com/match/38341,www.premierleague.com/match/22373
346,www.premierleague.com/match/74945,www.premierleague.com/match/66379,www.premierleague.com/match/38342,www.premierleague.com/match/22375
347,www.premierleague.com/match/74946,www.premierleague.com/match/66380,www.premierleague.com/match/38343,www.premierleague.com/match/22376
348,www.premierleague.com/match/74947,www.premierleague.com/match/66381,www.premierleague.com/match/38347,www.premierleague.com/match/22378
349,www.premierleague.com/match/74941,www.premierleague.com/match/66374,www.premierleague.com/match/38345,www.premierleague.com/match/22379
350,www.premierleague.com/match/74937,www.premierleague.com/match/66364,www.premierleague.com/match/38333,www.premierleague.com/match/22363
351,www.premierleague.com/match/74935,www.premierleague.com/match/66369,www.premierleague.com/match/38336,www.premierleague.com/match/22371
352,www.premierleague.com/match/74940,www.premierleague.com/match/66371,www.premierleague.com/match/38330,www.premierleague.com/match/22366
353,www.premierleague.com/match/74938,www.premierleague.com/match/66366,www.premierleague.com/match/38334,www.premierleague.com/match/22369
354,www.premierleague.com/match/74939,www.premierleague.com/match/66362,www.premierleague.com/match/38337,www.premierleague.com/match/22362
355,www.premierleague.com/match/74932,www.premierleague.com/match/66363,www.premierleague.com/match/38328,www.premierleague.com/match/22364
356,www.premierleague.com/match/74933,www.premierleague.com/match/66367,www.premierleague.com/match/38329,www.premierleague.com/match/22365
357,www.premierleague.com/match/74934,www.premierleague.com/match/66368,www.premierleague.com/match/38331,www.premierleague.com/match/22368
358,www.premierleague.com/match/74936,www.premierleague.com/match/66370,www.premierleague.com/match/38335,www.premierleague.com/match/22370
359,www.premierleague.com/match/74931,www.premierleague.com/match/66365,www.premierleague.com/match/38332,www.premierleague.com/match/22367
360,www.premierleague.com/match/74926,www.premierleague.com/match/66360,www.premierleague.com/match/38322,www.premierleague.com/match/22357
361,www.premierleague.com/match/74928,www.premierleague.com/match/66359,www.premierleague.com/match/38319,www.premierleague.com/match/22354
362,www.premierleague.com/match/74925,www.premierleague.com/match/66361,www.premierleague.com/match/38325,www.premierleague.com/match/22360
363,www.premierleague.com/match/74922,www.premierleague.com/match/66352,www.premierleague.com/match/38318,www.premierleague.com/match/22359
364,www.premierleague.com/match/74921,www.premierleague.com/match/66357,www.premierleague.com/match/38320,www.premierleague.com/match/22352
365,www.premierleague.com/match/74924,www.premierleague.com/match/66353,www.premierleague.com/match/38323,www.premierleague.com/match/22353
366,www.premierleague.com/match/74927,www.premierleague.com/match/66355,www.premierleague.com/match/38324,www.premierleague.com/match/22355
367,www.premierleague.com/match/74929,www.premierleague.com/match/66356,www.premierleague.com/match/38326,www.premierleague.com/match/22356
368,www.premierleague.com/match/74930,www.premierleague.com/match/66358,www.premierleague.com/match/38327,www.premierleague.com/match/22659
369,www.premierleague.com/match/74923,www.premierleague.com/match/66354,www.premierleague.com/match/38321,www.premierleague.com/match/22358
370,www.premierleague.com/match/74916,www.premierleague.com/match/66348,www.premierleague.com/match/38312,www.premierleague.com/match/22348
371,www.premierleague.com/match/74919,www.premierleague.com/match/66350,www.premierleague.com/match/38315,www.premierleague.com/match/22347
372,www.premierleague.com/match/74920,www.premierleague.com/match/66347,www.premierleague.com/match/38308,www.premierleague.com/match/22350
373,www.premierleague.com/match/74914,www.premierleague.com/match/66343,www.premierleague.com/match/38314,www.premierleague.com/match/22344
374,www.premierleague.com/match/74912,www.premierleague.com/match/66344,www.premierleague.com/match/38309,www.premierleague.com/match/22345
375,www.premierleague.com/match/74915,www.premierleague.com/match/66345,www.premierleague.com/match/38310,www.premierleague.com/match/22346
376,www.premierleague.com/match/74917,www.premierleague.com/match/66346,www.premierleague.com/match/38311,www.premierleague.com/match/22349
377,www.premierleague.com/match/74918,www.premierleague.com/match/66351,www.premierleague.com/match/38316,www.premierleague.com/match/22351
378,www.premierleague.com/match/74913,www.premierleague.com/match/66349,www.premierleague.com/match/38317,www.premierleague.com/match/22343
379,www.premierleague.com/match/74911,www.premierleague.com/match/66342,www.premierleague.com/match/38313,www.premierleague.com/match/22342
